sample_id,soil_moisture_percent,soil_ph,temperature_celsius,depth_cm,soil_type,location_type,season,organic_matter_percent,precipitation_mm,nitrogen_mg_kg,phosphorus_mg_kg,potassium_mg_kg
SM001,21.1,5.6,22.3,36,Silty,Grassland,Fall,3.4,63,16,14,128
SM002,33.5,6.0,21.7,33,Peaty,Urban,Fall,14.3,45,84,26,286
SM003,39.8,6.1,11.9,39,Clay,Wetland,Spring,7.9,47,46,22,161
SM004,49.7,4.0,14.7,26,Peaty,Forest,Fall,11.1,39,49,21,186
SM005,47.4,5.1,14.5,35,Peaty,Urban,Spring,10.6,53,61,20,201
SM006,9.3,7.1,25.4,34,Sandy,Wetland,Summer,1.4,30,6,12,102
SM007,31.5,5.2,2.4,16,Clay,Forest,Winter,5.3,48,28,13,135
SM008,30.9,6.2,15.9,26,Silty,Grassland,Spring,4.7,72,20,10,158
SM009,20.2,7.2,22.9,8,Loamy,Agricultural,Fall,3.9,65,18,15,166
SM010,15.4,7.1,25.3,43,Loamy,Urban,Summer,2.6,40,13,11,151
SM011,33.0,7.3,5.5,32,Loamy,Agricultural,Winter,5.2,83,22,16,130
SM012,28.8,7.2,19.9,23,Loamy,Orchard,Spring,6.2,77,27,13,136
SM013,13.3,5.3,15.0,33,Sandy,Wetland,Fall,4.2,46,17,9,118
SM014,22.4,5.7,4.3,6,Silty,Orchard,Winter,2.8,74,15,12,107
SM015,27.6,6.9,18.5,13,Silty,Agricultural,Fall,3.7,52,16,13,126
SM016,9.1,7.5,17.4,29,Sandy,Orchard,Summer,1.6,28,9,9,96
SM017,19.3,5.8,14.3,18,Clay,Urban,Fall,2.9,61,18,14,120
SM018,37.4,4.3,3.3,42,Peaty,Wetland,Winter,12.3,82,68,24,257
SM019,30.9,6.6,10.3,25,Clay,Agricultural,Spring,5.9,75,36,18,153
SM020,27.5,6.0,18.5,11,Loamy,Forest,Fall,5.8,60,28,16,159
SM021,11.4,8.0,26.2,49,Sandy,Agricultural,Summer,1.8,21,8,11,83
SM022,33.4,4.9,16.5,45,Peaty,Grassland,Spring,8.7,71,40,19,177
SM023,25.3,7.0,14.2,33,Loamy,Agricultural,Winter,3.2,88,12,12,110
SM024,8.8,8.0,29.3,28,Sandy,Urban,Summer,1.0,18,5,10,70
SM025,36.2,7.6,19.8,37,Clay,Agricultural,Spring,3.9,69,21,15,134
SM026,21.6,6.9,13.7,41,Silty,Forest,Winter,3.1,77,14,11,118
SM027,42.5,4.4,10.6,9,Peaty,Wetland,Spring,15.7,60,83,26,314
SM028,30.0,6.1,20.1,22,Clay,Orchard,Fall,5.0,52,21,16,140
SM029,15.1,6.7,22.8,15,Sandy,Grassland,Summer,2.2,32,10,12,104
SM030,37.9,5.3,17.6,38,Loamy,Wetland,Spring,7.4,73,35,19,182
SM031,28.6,5.0,7.3,47,Silty,Forest,Winter,3.5,82,18,11,121
SM032,43.3,5.7,3.5,31,Clay,Wetland,Winter,7.4,85,34,17,156
SM033,34.9,4.4,13.5,12,Peaty,Forest,Spring,16.6,63,80,27,297
SM034,19.3,7.4,27.4,8,Loamy,Urban,Summer,2.7,37,14,10,112
SM035,16.2,6.6,16.4,21,Sandy,Orchard,Fall,1.9,49,9,11,87
SM036,30.0,5.6,20.6,39,Clay,Grassland,Fall,5.3,59,28,16,155
SM037,27.4,5.3,4.5,44,Silty,Wetland,Winter,5.2,81,27,13,149
SM038,40.5,4.7,19.3,10,Peaty,Agricultural,Spring,13.6,57,76,23,258
SM039,17.7,7.7,27.7,27,Sandy,Agricultural,Summer,1.2,20,6,9,82
SM040,32.4,5.5,19.2,36,Loamy,Forest,Fall,6.6,61,37,17,181
SM041,24.7,6.7,9.3,19,Silty,Urban,Winter,2.9,75,17,12,112
SM042,44.3,4.5,8.6,42,Peaty,Wetland,Spring,17.3,65,90,28,328
SM043,35.6,6.4,17.3,7,Clay,Orchard,Fall,5.7,52,25,17,149
SM044,12.3,8.1,26.1,23,Sandy,Grassland,Summer,1.5,22,7,10,91
SM045,29.1,6.8,15.7,46,Loamy,Agricultural,Winter,4.1,86,19,14,123
SM046,20.6,5.9,13.4,14,Silty,Forest,Spring,3.6,68,18,12,122
SM047,41.2,4.1,6.2,30,Peaty,Grassland,Winter,11.9,91,65,22,242
SM048,37.5,6.3,18.8,40,Clay,Agricultural,Spring,4.2,72,23,16,141
SM049,10.2,7.7,25.9,17,Sandy,Urban,Summer,1.1,26,5,8,73
SM050,31.1,6.5,16.5,28,Loamy,Wetland,Fall,5.8,62,30,17,164
SM051,23.8,5.5,8.4,35,Silty,Orchard,Winter,3.3,80,15,11,115
SM052,45.9,4.8,13.8,11,Peaty,Forest,Spring,14.8,61,79,25,283
SM053,36.7,6.7,20.7,43,Clay,Grassland,Fall,4.8,53,21,16,137
SM054,14.5,8.2,28.2,25,Sandy,Agricultural,Summer,1.6,25,7,10,85
SM055,26.3,7.1,3.7,20,Loamy,Urban,Winter,4.0,81,20,15,128
SM056,21.9,5.8,15.1,37,Silty,Wetland,Spring,4.9,70,23,14,145
SM057,38.2,4.2,9.5,13,Peaty,Orchard,Winter,12.8,88,67,22,240
SM058,34.3,6.0,16.9,48,Clay,Forest,Spring,4.5,74,24,15,134
SM059,11.7,7.9,24.5,22,Sandy,Grassland,Summer,1.3,27,6,9,81
SM060,29.8,6.8,19.4,32,Loamy,Agricultural,Fall,4.3,63,21,15,134
SM061,25.1,5.4,7.6,16,Silty,Urban,Winter,3.6,83,19,12,123
SM062,42.9,4.6,12.3,29,Peaty,Wetland,Spring,15.2,59,83,24,291
SM063,38.5,6.5,21.2,9,Clay,Orchard,Fall,5.4,54,25,16,144
SM064,13.8,7.6,26.6,26,Sandy,Agricultural,Summer,1.7,23,9,10,94
SM065,27.9,7.3,2.8,38,Loamy,Forest,Winter,5.1,82,23,16,139
SM066,22.7,5.7,14.8,15,Silty,Grassland,Spring,4.0,69,18,13,135
SM067,40.1,4.0,10.9,24,Peaty,Urban,Winter,13.5,89,70,23,251
SM068,35.8,6.2,17.7,47,Clay,Wetland,Spring,6.8,73,36,18,167
SM069,12.6,8.3,28.6,18,Sandy,Orchard,Summer,1.4,24,6,10,87
SM070,28.5,6.9,19.8,31,Loamy,Grassland,Fall,4.7,55,22,16,146
SM071,24.2,5.2,6.8,14,Silty,Agricultural,Winter,3.5,84,17,12,117
SM072,44.7,4.5,11.7,27,Peaty,Forest,Spring,16.1,62,85,26,307
SM073,37.1,6.6,20.5,41,Clay,Urban,Fall,5.1,51,28,17,152
SM074,10.5,7.8,27.1,20,Sandy,Wetland,Summer,1.9,29,9,10,98
SM075,30.3,7.0,4.1,39,Loamy,Orchard,Winter,4.9,85,26,16,149
SM076,23.4,5.6,15.5,12,Silty,Grassland,Spring,3.9,71,19,13,130
SM077,43.8,4.3,8.9,28,Peaty,Agricultural,Winter,14.0,90,72,24,261
SM078,36.3,6.4,16.3,45,Clay,Forest,Spring,5.8,75,30,17,158
SM079,13.1,8.4,25.8,19,Sandy,Urban,Summer,1.5,25,8,9,89
SM080,29.5,6.7,18.2,33,Loamy,Wetland,Fall,6.0,64,31,17,165
SM081,21.5,5.1,5.9,13,Silty,Orchard,Winter,3.4,78,17,11,114
SM082,45.3,4.7,12.8,26,Peaty,Grassland,Spring,13.7,60,70,24,248
SM083,38.8,6.8,21.5,42,Clay,Agricultural,Fall,5.2,53,26,17,147
SM084,11.0,7.5,26.4,21,Sandy,Forest,Summer,1.8,28,8,10,93
SM085,28.1,7.2,3.1,40,Loamy,Urban,Winter,3.7,80,18,14,122
SM086,22.3,5.5,14.6,11,Silty,Wetland,Spring,4.8,72,22,14,143
SM087,41.6,4.1,9.8,25,Peaty,Orchard,Winter,15.4,87,78,26,291
SM088,35.2,6.3,17.1,46,Clay,Grassland,Spring,5.5,70,31,17,156
SM089,12.0,8.0,27.5,17,Sandy,Agricultural,Summer,1.6,22,8,10,91
SM090,30.7,6.6,19.1,34,Loamy,Forest,Fall,5.7,56,28,16,155
SM091,24.6,5.3,7.2,15,Silty,Urban,Winter,2.9,82,16,11,109
SM092,42.1,4.4,11.3,30,Peaty,Wetland,Spring,14.5,58,75,25,271
SM093,37.7,6.7,20.9,43,Clay,Orchard,Fall,4.9,52,22,16,139
SM094,10.8,7.9,25.7,24,Sandy,Grassland,Summer,1.1,21,6,9,79
SM095,27.0,7.4,2.5,37,Loamy,Agricultural,Winter,4.4,84,23,16,142
SM096,21.1,5.4,15.2,14,Silty,Forest,Spring,3.5,67,16,12,118
SM097,39.7,4.0,10.1,23,Peaty,Urban,Winter,11.7,90,63,21,234
SM098,34.6,6.1,16.7,44,Clay,Wetland,Spring,7.1,76,38,19,172
SM099,13.4,8.5,28.9,16,Sandy,Orchard,Summer,1.3,23,7,9,85
SM100,31.5,6.5,18.6,35,Loamy,Grassland,Fall,5.0,57,26,16,151
SM101,25.0,5.0,6.5,19,Silty,Agricultural,Winter,3.3,79,17,12,116
SM102,43.4,4.8,12.0,31,Peaty,Forest,Spring,15.0,63,77,25,285
SM103,38.2,6.9,21.8,10,Clay,Urban,Fall,5.3,54,26,17,145
SM104,9.7,7.7,24.3,27,Sandy,Wetland,Summer,2.0,30,10,10,102
SM105,26.7,7.1,4.4,38,Loamy,Orchard,Winter,4.2,83,22,15,135
SM106,22.9,5.9,14.0,13,Silty,Grassland,Spring,3.8,68,17,13,127
SM107,40.9,4.2,9.2,29,Peaty,Agricultural,Winter,13.2,88,68,23,244
SM108,36.7,6.2,17.4,48,Clay,Forest,Spring,4.7,76,27,16,147
SM109,11.3,8.1,27.8,15,Sandy,Urban,Summer,1.7,26,7,9,90
SM110,29.2,6.8,19.5,32,Loamy,Wetland,Fall,5.9,65,31,17,163
SM111,24.9,5.2,5.3,18,Silty,Orchard,Winter,3.2,81,16,11,113
SM112,44.1,4.6,11.0,26,Peaty,Grassland,Spring,12.4,59,61,22,224
SM113,35.4,6.5,20.2,41,Clay,Agricultural,Fall,4.6,50,24,16,142
SM114,12.9,7.6,26.8,22,Sandy,Forest,Summer,1.4,27,6,9,83
SM115,28.8,7.3,3.4,39,Loamy,Urban,Winter,3.6,79,17,14,120
SM116,23.6,5.3,15.8,12,Silty,Wetland,Spring,5.0,73,24,14,148
SM117,41.3,4.3,8.3,24,Peaty,Orchard,Winter,14.7,91,75,25,273
SM118,37.3,6.0,16.1,47,Clay,Grassland,Spring,5.0,69,30,17,153
SM119,10.1,8.2,28.3,14,Sandy,Agricultural,Summer,1.2,20,6,9,80
SM120,30.0,6.7,18.9,33,Loamy,Forest,Fall,5.6,54,26,16,153
SM121,25.3,5.4,6.2,17,Silty,Urban,Winter,3.0,80,17,12,110
SM122,42.5,4.5,10.4,25,Peaty,Wetland,Spring,13.9,57,71,24,256
SM123,36.5,6.6,21.1,40,Clay,Orchard,Fall,5.4,51,28,17,151
SM124,13.7,7.8,25.1,23,Sandy,Grassland,Summer,1.5,24,7,9,84
SM125,27.3,7.0,2.2,36,Loamy,Agricultural,Winter,4.5,85,25,16,146
SM126,22.1,5.6,14.3,11,Silty,Forest,Spring,3.7,66,17,12,123
SM127,39.4,4.1,9.6,22,Peaty,Urban,Winter,12.0,89,64,22,238
SM128,35.0,6.4,17.0,45,Clay,Wetland,Spring,6.8,74,37,18,169
SM129,11.6,8.3,26.2,13,Sandy,Orchard,Summer,1.3,21,6,9,82
SM130,29.8,6.5,19.7,34,Loamy,Grassland,Fall,4.8,58,24,16,147
SM131,24.0,5.1,7.5,16,Silty,Agricultural,Winter,3.1,77,15,11,112
SM132,43.0,4.7,12.4,30,Peaty,Forest,Spring,14.3,64,74,24,268
SM133,37.8,6.8,20.8,42,Clay,Urban,Fall,5.0,55,23,16,140
SM134,9.9,7.6,24.6,20,Sandy,Wetland,Summer,2.1,31,11,10,105
SM135,28.5,7.2,4.7,37,Loamy,Orchard,Winter,4.3,82,22,15,140
SM136,21.7,5.7,15.5,10,Silty,Grassland,Spring,3.6,70,18,12,125
SM137,40.6,4.4,8.6,28,Peaty,Agricultural,Winter,12.9,87,64,23,240
SM138,34.8,6.3,16.4,46,Clay,Forest,Spring,4.9,75,26,16,148
SM139,12.2,8.0,28.1,12,Sandy,Urban,Summer,1.8,25,8,10,97
SM140,30.3,6.9,19.9,31,Loamy,Wetland,Fall,6.1,66,32,17,168
SM141,20.5,5.2,28.8,22,Loamy,Wetland,Summer,6.3,32,36,19,194
SM142,50.0,4.3,14.6,27,Peaty,Grassland,Spring,19.3,65,85,40,260
SM143,17.4,6.1,24.3,48,Silty,Wetland,Summer,8.3,45,35,20,148
SM144,50.0,4.9,0.7,46,Peaty,Orchard,Winter,20.6,69,103,33,290
SM145,12.7,6.9,21.5,23,Silty,Orchard,Summer,3.7,26,20,16,126
SM146,50.0,4.8,9.1,49,Peaty,Wetland,Winter,17.1,65,98,33,316
SM147,5.0,7.2,29.3,19,Sandy,Forest,Summer,2.0,38,8,9,114
SM148,23.5,7.0,16.4,13,Clay,Urban,Fall,2.0,39,11,10,107
SM149,45.2,4.0,6.9,9,Peaty,Wetland,Winter,12.0,82,55,17,258
SM150,26.0,5.4,24.7,12,Peaty,Agricultural,Summer,17.3,44,86,29,307
SM151,37.0,7.0,15.2,41,Loamy,Urban,Spring,2.5,54,11,12,120
SM152,50.0,4.8,7.4,18,Peaty,Forest,Winter,26.9,84,117,33,435
SM153,30.5,5.9,17.0,37,Silty,Orchard,Spring,3.2,67,15,15,130
SM154,26.1,6.0,7.4,9,Sandy,Orchard,Winter,0.7,74,4,10,107
SM155,39.8,7.6,16.7,40,Clay,Urban,Fall,2.8,60,16,15,105
SM156,50.0,4.5,12.8,49,Peaty,Agricultural,Spring,13.7,61,81,18,227
SM157,24.8,5.3,21.2,43,Loamy,Forest,Fall,6.0,38,30,17,177
SM158,17.0,8.0,21.9,17,Sandy,Grassland,Summer,1.5,32,9,10,85
SM159,36.9,6.3,10.9,28,Clay,Wetland,Spring,4.2,73,24,16,136
SM160,28.5,6.0,16.3,34,Silty,Urban,Fall,2.9,60,17,11,119
SM161,44.1,5.0,4.2,15,Peaty,Orchard,Winter,13.6,89,70,19,243
SM162,19.7,7.3,29.5,24,Sandy,Agricultural,Summer,1.7,27,8,9,86
SM163,33.4,6.6,14.0,44,Loamy,Forest,Spring,6.1,74,31,17,154
SM164,21.5,5.6,21.6,20,Clay,Grassland,Summer,3.0,27,12,11,99
SM165,47.4,4.2,8.6,36,Peaty,Wetland,Winter,18.3,80,102,29,328
SM166,36.0,7.7,16.1,47,Clay,Agricultural,Spring,3.7,62,20,15,129
SM167,13.9,7.1,24.5,10,Sandy,Urban,Summer,1.1,30,7,10,74
SM168,29.6,6.5,19.3,25,Loamy,Orchard,Fall,5.1,56,26,16,150
SM169,22.4,5.0,5.7,14,Silty,Urban,Winter,3.4,81,18,12,118
SM170,41.9,4.9,12.7,29,Peaty,Wetland,Spring,14.8,60,76,25,275
SM171,38.3,6.7,20.4,40,Clay,Forest,Fall,5.5,53,27,17,149
SM172,10.4,7.7,26.3,19,Sandy,Grassland,Summer,1.4,22,7,9,88
SM173,28.2,7.3,3.9,38,Loamy,Agricultural,Winter,4.6,86,24,16,144
SM174,23.0,5.8,14.9,10,Silty,Forest,Spring,3.8,65,18,13,126
SM175,40.3,4.2,8.8,27,Peaty,Urban,Winter,12.5,88,66,22,245
SM176,36.2,6.1,17.8,45,Clay,Wetland,Spring,7.3,77,39,19,175
SM177,11.9,8.4,27.9,11,Sandy,Orchard,Summer,1.2,24,6,8,78
SM178,29.4,6.8,20.0,30,Loamy,Grassland,Fall,5.4,59,28,17,157
SM179,25.5,5.3,6.0,15,Silty,Agricultural,Winter,3.0,78,16,11,111
SM180,43.7,4.6,11.5,24,Peaty,Forest,Spring,16.5,62,88,27,315
SM181,37.6,6.4,21.3,39,Clay,Urban,Fall,4.8,50,25,16,143
SM182,12.5,7.5,25.3,21,Sandy,Wetland,Summer,1.9,29,9,11,99
SM183,27.8,7.0,4.9,36,Loamy,Orchard,Winter,4.1,84,21,15,133
SM184,22.6,5.5,15.6,9,Silty,Grassland,Spring,4.2,69,19,14,133
SM185,39.1,4.1,9.4,21,Peaty,Agricultural,Winter,13.0,92,69,23,249
SM186,35.5,6.2,16.8,43,Clay,Forest,Spring,5.2,73,28,16,151
SM187,13.6,8.2,28.5,12,Sandy,Urban,Summer,1.6,25,8,9,92
SM188,30.9,6.6,17.9,32,Loamy,Wetland,Fall,6.2,67,33,18,170
SM189,24.4,5.4,5.1,16,Silty,Orchard,Winter,3.5,82,18,12,120
SM190,42.6,4.8,10.8,23,Peaty,Grassland,Spring,12.8,58,63,21,230
SM191,38.7,6.9,20.3,41,Clay,Agricultural,Fall,4.5,51,23,15,138
SM192,9.5,7.9,24.8,18,Sandy,Forest,Summer,1.3,26,6,8,81
SM193,26.5,7.4,3.6,35,Loamy,Urban,Winter,3.8,79,19,14,124
SM194,21.3,5.7,16.0,8,Silty,Wetland,Spring,5.1,72,25,15,150
SM195,40.8,4.3,7.9,26,Peaty,Orchard,Winter,14.3,93,73,24,267
SM196,34.1,6.3,17.5,44,Clay,Grassland,Spring,5.6,70,29,17,155
SM197,12.8,8.1,28.7,10,Sandy,Agricultural,Summer,1.0,19,5,8,76
SM198,31.2,6.7,19.0,29,Loamy,Forest,Fall,5.3,55,27,16,154
SM199,23.9,5.0,6.3,13,Silty,Urban,Winter,2.8,83,15,11,108
SM200,44.5,4.5,12.2,22,Peaty,Wetland,Spring,15.5,61,82,26,298
SM201,36.8,6.5,22.0,38,Clay,Orchard,Fall,5.7,52,29,17,153
SM202,10.6,7.8,26.0,17,Sandy,Grassland,Summer,1.5,23,7,10,86
SM203,28.6,7.1,2.9,34,Loamy,Agricultural,Winter,4.8,87,25,16,147
SM204,22.8,5.4,15.3,7,Silty,Forest,Spring,3.9,64,19,13,128
SM205,41.5,4.0,8.1,20,Peaty,Urban,Winter,11.8,86,62,21,231
SM206,35.9,6.0,18.3,42,Clay,Wetland,Spring,6.9,75,36,18,166
SM207,11.5,8.5,27.6,9,Sandy,Orchard,Summer,1.4,22,7,9,89
SM208,30.6,6.9,18.7,28,Loamy,Grassland,Fall,5.2,57,25,16,149
SM209,25.7,5.5,7.0,12,Silty,Agricultural,Winter,3.2,76,16,12,114
SM210,42.3,4.7,13.1,19,Peaty,Forest,Spring,13.4,63,69,23,253
SM211,37.2,6.6,21.6,37,Clay,Urban,Fall,4.7,53,24,16,141
SM212,13.2,7.4,24.9,16,Sandy,Wetland,Summer,2.2,32,12,11,108
SM213,27.1,7.2,5.0,33,Loamy,Orchard,Winter,4.0,85,20,15,131
SM214,23.3,5.6,16.2,6,Silty,Grassland,Spring,4.1,67,18,13,129
SM215,39.9,4.4,9.7,18,Peaty,Agricultural,Winter,12.7,94,65,22,242
SM216,34.4,6.4,18.6,40,Clay,Forest,Spring,5.3,72,27,16,150
SM217,12.4,8.3,28.0,8,Sandy,Urban,Summer,1.7,24,8,10,94
SM218,31.4,6.5,17.2,27,Loamy,Wetland,Fall,6.4,68,34,18,172
SM219,24.3,5.1,4.8,11,Silty,Orchard,Winter,3.4,85,17,12,119
SM220,44.9,4.9,10.5,17,Peaty,Grassland,Spring,12.2,57,60,20,219
SM221,36.1,6.8,21.9,36,Clay,Agricultural,Fall,4.4,49,22,15,137
SM222,9.8,8.0,25.0,15,Sandy,Forest,Summer,1.2,25,6,8,80
SM223,26.9,7.5,2.6,32,Loamy,Urban,Winter,3.9,78,19,14,125
SM224,21.8,5.8,16.6,5,Silty,Wetland,Spring,5.2,71,26,15,152
SM225,41.1,4.2,7.7,16,Peaty,Orchard,Winter,14.0,95,72,24,264
SM226,35.7,6.2,18.0,39,Clay,Grassland,Spring,5.7,68,30,17,157
SM227,13.0,8.0,29.1,7,Sandy,Agricultural,Summer,0.9,18,5,7,75
SM228,29.0,6.6,19.2,26,Loamy,Forest,Fall,5.5,56,28,16,156
SM229,25.9,5.2,6.7,10,Silty,Urban,Winter,2.7,84,14,11,107
SM230,45.5,4.4,13.3,15,Peaty,Wetland,Spring,15.8,60,84,27,302
SM231,35.1,6.3,21.4,35,Clay,Orchard,Fall,5.6,50,28,17,152
SM232,10.3,7.9,26.5,14,Sandy,Grassland,Summer,1.6,21,8,10,90
SM233,29.3,7.0,2.3,31,Loamy,Agricultural,Winter,4.7,88,24,16,145
SM234,22.2,5.3,15.7,4,Silty,Forest,Spring,4.0,63,19,13,127
SM235,40.0,4.1,8.4,14,Peaty,Urban,Winter,11.5,85,60,20,228
SM236,36.6,6.1,17.6,38,Clay,Wetland,Spring,7.0,76,37,18,171
SM237,14.0,8.6,27.3,6,Sandy,Orchard,Summer,1.3,20,6,9,83
SM238,32.0,6.8,18.4,25,Loamy,Grassland,Fall,5.0,58,24,16,148
SM239,24.5,5.6,7.3,9,Silty,Agricultural,Winter,3.1,75,15,12,113
SM240,43.2,4.6,13.5,13,Peaty,Forest,Spring,13.1,64,67,22,250
SM241,38.0,6.5,22.2,34,Clay,Urban,Fall,4.6,52,23,15,140
SM242,11.1,7.3,25.5,13,Sandy,Wetland,Summer,2.3,33,13,11,110
SM243,26.8,7.1,5.2,30,Loamy,Orchard,Winter,3.9,86,19,15,130
SM244,21.2,5.7,16.4,3,Silty,Grassland,Spring,4.4,66,20,14,138
SM245,42.8,4.3,9.9,12,Peaty,Agricultural,Winter,12.3,96,63,21,237
SM246,34.7,6.5,18.1,37,Clay,Forest,Spring,5.4,71,28,16,152
SM247,13.5,8.4,28.4,5,Sandy,Urban,Summer,1.8,23,9,10,95
SM248,30.1,6.4,16.9,24,Loamy,Wetland,Fall,6.5,69,35,18,175
SM249,26.2,5.0,4.6,8,Silty,Orchard,Winter,3.3,87,16,12,117
SM250,45.8,5.0,10.2,11,Peaty,Grassland,Spring,11.9,56,57,19,214
SM251,37.4,6.7,22.4,33,Clay,Agricultural,Fall,4.3,48,21,15,136
SM252,12.1,8.1,24.7,12,Sandy,Forest,Summer,1.1,24,5,8,79
SM253,27.5,7.6,2.0,29,Loamy,Urban,Winter,4.0,77,20,14,126
SM254,20.8,5.5,16.8,2,Silty,Wetland,Spring,5.3,70,27,15,154
SM255,42.2,4.4,7.5,10,Peaty,Orchard,Winter,13.7,97,71,23,262
SM256,33.8,6.3,17.7,36,Clay,Grassland,Spring,5.8,67,31,17,158
SM257,14.3,8.7,29.3,4,Sandy,Agricultural,Summer,0.8,17,4,7,73
SM258,30.5,6.5,19.4,23,Loamy,Forest,Fall,5.6,54,29,17,158
SM259,24.8,5.3,6.1,7,Silty,Urban,Winter,2.6,86,13,11,106
SM260,46.2,4.5,13.7,9,Peaty,Wetland,Spring,16.3,59,86,28,309
SM261,38.9,6.4,20.6,32,Clay,Orchard,Fall,5.5,49,27,17,151
SM262,9.6,7.8,26.7,11,Sandy,Grassland,Summer,1.7,20,8,10,92
SM263,28.7,6.9,1.8,28,Loamy,Agricultural,Winter,4.6,89,23,16,144
SM264,23.1,5.4,14.9,1,Silty,Forest,Spring,4.1,62,20,14,133
SM265,39.5,4.2,8.2,8,Peaty,Urban,Winter,11.3,84,58,20,225
SM266,35.3,6.0,18.7,35,Clay,Wetland,Spring,7.2,78,38,19,173
SM267,13.8,8.5,27.0,3,Sandy,Orchard,Summer,1.4,19,7,9,87
SM268,32.3,6.7,18.2,22,Loamy,Grassland,Fall,4.9,59,23,15,147
SM269,25.2,5.7,7.6,6,Silty,Agricultural,Winter,3.0,74,14,12,112
SM270,44.0,4.7,13.9,7,Peaty,Forest,Spring,12.7,65,65,22,244
SM271,36.4,6.6,22.6,31,Clay,Urban,Fall,4.5,51,22,15,138
SM272,10.9,7.2,25.7,10,Sandy,Wetland,Summer,2.4,34,14,11,112
SM273,29.9,7.0,5.4,27,Loamy,Orchard,Winter,3.8,87,18,14,129
SM274,21.4,5.8,16.5,47,Silty,Grassland,Spring,4.5,65,21,14,140
SM275,43.1,4.1,10.0,6,Peaty,Agricultural,Winter,12.1,95,60,21,233
SM276,37.0,6.6,17.9,34,Clay,Forest,Spring,5.5,70,29,16,154
SM277,12.3,8.5,28.2,2,Sandy,Urban,Summer,1.9,22,9,10,96
SM278,31.8,6.3,16.6,21,Loamy,Wetland,Fall,6.6,70,36,18,176
SM279,26.4,5.1,4.0,5,Silty,Orchard,Winter,3.2,88,15,12,115
SM280,45.1,5.1,9.9,5,Peaty,Grassland,Spring,11.6,55,56,19,210
SM281,38.5,6.8,21.0,30,Clay,Agricultural,Fall,4.2,47,20,14,135
SM282,11.4,8.2,24.4,9,Sandy,Forest,Summer,1.0,23,5,7,77
SM283,27.7,7.7,1.5,26,Loamy,Urban,Winter,4.1,76,21,15,134
SM284,20.4,5.6,17.0,48,Silty,Wetland,Spring,5.4,69,28,16,156
SM285,41.7,4.5,7.1,4,Peaty,Orchard,Winter,13.4,98,69,23,258
SM286,36.5,6.4,17.5,33,Clay,Grassland,Spring,5.9,66,32,17,160
SM287,14.8,8.8,29.5,1,Sandy,Agricultural,Summer,0.7,16,3,6,68
SM288,29.3,6.4,19.6,20,Loamy,Forest,Fall,5.7,53,30,17,159
SM289,23.7,5.4,5.8,4,Silty,Urban,Winter,2.5,87,12,10,105
SM290,46.7,4.6,14.1,3,Peaty,Wetland,Spring,16.7,58,89,29,317
SM291,37.9,6.5,20.1,29,Clay,Orchard,Fall,5.4,48,26,16,150
SM292,9.2,7.7,26.9,8,Sandy,Grassland,Summer,1.8,19,9,10,93
SM293,28.3,6.8,1.3,25,Loamy,Agricultural,Winter,4.5,90,22,15,143
SM294,21.0,5.5,14.5,49,Silty,Forest,Spring,4.2,61,20,14,132
SM295,42.4,4.3,7.8,2,Peaty,Urban,Winter,11.0,83,57,19,222
SM296,34.5,5.9,18.9,32,Clay,Wetland,Spring,7.4,79,39,19,174
SM297,15.0,8.6,26.7,47,Sandy,Orchard,Summer,1.5,18,7,9,88
SM298,32.7,6.6,18.0,19,Loamy,Grassland,Fall,4.8,60,22,15,146
SM299,24.1,5.8,7.9,3,Silty,Agricultural,Winter,2.9,73,13,11,111
SM300,44.4,4.8,14.3,49,Peaty,Forest,Spring,12.5,66,63,21,239
SM301,39.3,6.7,22.8,28,Clay,Urban,Fall,4.4,50,21,15,137
SM302,10.7,7.1,25.9,7,Sandy,Wetland,Summer,2.5,35,15,12,115
SM303,27.2,6.9,5.6,24,Loamy,Orchard,Winter,3.7,88,17,13,128
SM304,22.7,5.9,16.7,46,Silty,Grassland,Spring,4.6,64,22,15,142
SM305,40.7,4.0,10.3,1,Peaty,Agricultural,Winter,11.8,94,58,20,230
SM306,36.1,6.7,17.3,31,Clay,Forest,Spring,5.6,69,30,17,155
SM307,13.3,8.6,27.4,46,Sandy,Urban,Summer,2.0,21,10,10,98
SM308,31.0,6.2,16.2,18,Loamy,Wetland,Fall,6.7,71,37,18,178
SM309,25.6,5.2,3.8,2,Silty,Orchard,Winter,3.1,89,14,11,114
SM310,46.0,5.2,9.7,48,Peaty,Grassland,Spring,11.4,54,55,18,208
SM311,38.1,6.9,20.4,27,Clay,Agricultural,Fall,4.1,46,19,14,133
SM312,12.7,8.3,24.0,6,Sandy,Forest,Summer,0.9,22,4,7,75
SM313,29.1,7.8,1.2,23,Loamy,Urban,Winter,4.2,75,22,15,136
SM314,20.0,5.7,17.2,45,Silty,Wetland,Spring,5.5,68,29,16,157
SM315,42.0,4.6,6.8,47,Peaty,Orchard,Winter,13.1,99,67,22,254
SM316,35.6,6.5,17.1,30,Clay,Grassland,Spring,6.0,65,33,18,161
SM317,15.3,8.9,29.8,45,Sandy,Agricultural,Summer,0.6,15,3,6,65
SM318,32.9,6.3,19.8,17,Loamy,Forest,Fall,5.8,52,31,17,160
SM319,23.3,5.5,5.5,1,Silty,Urban,Winter,2.4,88,11,10,104
SM320,47.1,4.7,14.5,47,Peaty,Wetland,Spring,17.0,57,91,30,322
SM321,39.7,6.6,19.6,26,Clay,Orchard,Fall,5.3,47,25,16,149
SM322,8.9,7.6,27.1,5,Sandy,Grassland,Summer,1.9,18,10,11,95
SM323,30.7,6.7,0.9,22,Loamy,Agricultural,Winter,4.4,91,21,15,142
SM324,19.6,5.6,14.1,44,Silty,Forest,Spring,4.3,60,21,14,131
SM325,41.0,4.4,7.4,46,Peaty,Urban,Winter,10.7,82,55,19,218
SM326,35.4,5.8,19.1,29,Clay,Wetland,Spring,7.6,80,40,20,176
SM327,15.7,8.7,26.5,44,Sandy,Orchard,Summer,1.6,17,8,9,90
SM328,33.1,6.5,17.8,16,Loamy,Grassland,Fall,4.7,61,21,14,145
SM329,22.9,5.9,8.1,49,Silty,Agricultural,Winter,2.8,72,12,11,110
SM330,44.8,4.9,14.7,45,Peaty,Forest,Spring,12.3,67,61,21,237
SM331,37.5,6.8,23.0,25,Clay,Urban,Fall,4.3,49,20,14,136
SM332,10.0,7.0,26.1,4,Sandy,Wetland,Summer,2.6,36,16,12,118
SM333,28.0,6.8,5.8,21,Loamy,Orchard,Winter,3.6,89,16,13,127
SM334,21.8,6.0,16.9,43,Silty,Grassland,Spring,4.7,63,23,15,144
SM335,39.3,3.9,10.6,45,Peaty,Agricultural,Winter,11.5,93,56,19,226
SM336,34.9,6.8,16.9,28,Clay,Forest,Spring,5.7,68,31,17,156
SM337,14.7,8.7,27.7,43,Sandy,Urban,Summer,2.1,20,11,11,99
SM338,30.4,6.1,15.8,15,Loamy,Wetland,Fall,6.8,72,38,19,179
SM339,25.0,5.3,3.5,48,Silty,Orchard,Winter,3.0,90,13,11,113
SM340,45.3,5.3,9.5,44,Peaty,Grassland,Spring,11.1,53,54,18,206
SM341,39.1,7.0,19.8,24,Clay,Agricultural,Fall,4.0,45,18,13,131
SM342,13.1,8.4,23.8,3,Sandy,Forest,Summer,0.8,21,4,6,74
SM343,29.5,7.9,1.0,20,Loamy,Urban,Winter,4.3,74,23,15,138
SM344,19.8,5.8,17.4,42,Silty,Wetland,Spring,5.6,67,30,17,159
SM345,40.4,4.7,6.6,44,Peaty,Orchard,Winter,12.8,100,66,22,252
SM346,36.9,6.6,16.8,27,Clay,Grassland,Spring,6.1,64,34,18,162
SM347,16.0,9.0,30.0,42,Sandy,Agricultural,Summer,0.5,14,2,5,60
SM348,31.7,6.2,20.0,14,Loamy,Forest,Fall,5.9,51,32,18,162
SM349,24.5,5.6,5.2,47,Silty,Urban,Winter,2.3,89,10,9,103
SM350,47.5,4.8,14.9,43,Peaty,Wetland,Spring,17.4,56,93,31,325
SM351,38.4,6.7,19.2,23,Clay,Orchard,Fall,5.2,46,24,16,148
SM352,8.5,7.5,27.3,2,Sandy,Grassland,Summer,2.0,17,11,11,96
SM353,27.6,6.6,0.6,19,Loamy,Agricultural,Winter,4.3,92,20,15,141
SM354,20.9,5.7,13.8,41,Silty,Forest,Spring,4.4,59,22,15,130
SM355,40.6,4.5,7.0,43,Peaty,Urban,Winter,10.4,81,53,18,215
SM356,36.0,5.7,19.3,26,Clay,Wetland,Spring,7.8,81,41,20,178
SM357,16.5,8.8,26.3,41,Sandy,Orchard,Summer,1.7,16,9,10,91
SM358,33.5,6.4,17.6,13,Loamy,Grassland,Fall,4.6,62,20,14,144
SM359,21.6,6.0,8.3,46,Silty,Agricultural,Winter,2.7,71,11,10,109
SM360,45.2,5.0,15.1,42,Peaty,Forest,Spring,12.1,68,59,20,234
SM361,39.5,6.9,23.2,22,Clay,Urban,Fall,4.2,48,19,14,134
SM362,9.4,6.9,26.3,1,Sandy,Wetland,Summer,2.7,37,17,13,120
SM363,28.8,6.7,6.0,18,Loamy,Orchard,Winter,3.5,90,15,12,126
SM364,22.0,6.1,17.1,40,Silty,Grassland,Spring,4.8,62,24,15,145
SM365,40.1,3.8,10.9,42,Peaty,Agricultural,Winter,11.2,92,54,19,223
SM366,35.8,6.9,16.5,25,Clay,Forest,Spring,5.8,67,32,17,158
SM367,14.2,8.8,28.0,40,Sandy,Urban,Summer,2.2,19,12,11,100
SM368,31.6,6.0,15.4,12,Loamy,Wetland,Fall,6.9,73,39,19,180
SM369,25.4,5.4,3.2,45,Silty,Orchard,Winter,2.9,91,12,10,112
SM370,45.7,5.4,9.3,41,Peaty,Grassland,Spring,10.8,52,53,17,204
SM371,37.7,7.1,19.4,21,Clay,Agricultural,Fall,3.9,44,17,13,130
SM372,13.5,8.5,23.6,47,Sandy,Forest,Summer,0.7,20,3,6,73
SM373,27.4,8.0,0.8,17,Loamy,Urban,Winter,4.4,73,24,16,139
SM374,21.5,5.9,17.6,39,Silty,Wetland,Spring,5.7,66,31,17,160
SM375,41.4,4.8,6.4,41,Peaty,Orchard,Winter,12.5,101,64,21,249
SM376,34.0,6.7,16.4,24,Clay,Grassland,Spring,6.2,63,35,18,164
SM377,16.4,9.1,30.2,39,Sandy,Agricultural,Summer,0.4,13,2,5,59
SM378,32.5,6.1,20.2,11,Loamy,Forest,Fall,6.0,50,33,18,164
SM379,23.2,5.7,4.9,44,Silty,Urban,Winter,2.2,90,9,9,102
SM380,48.0,4.9,15.3,40,Peaty,Wetland,Spring,17.8,55,95,32,329
SM381,39.8,6.8,18.8,20,Clay,Orchard,Fall,5.1,45,23,15,147
SM382,8.2,7.4,27.5,46,Sandy,Grassland,Summer,2.1,16,12,12,98
SM383,30.2,6.5,0.3,16,Loamy,Agricultural,Winter,4.2,93,19,14,140
SM384,18.9,5.8,13.5,38,Silty,Forest,Spring,4.5,58,23,15,129
SM385,39.0,4.6,6.7,40,Peaty,Urban,Winter,10.1,80,51,17,211
SM386,35.7,5.6,19.5,23,Clay,Wetland,Spring,8.0,82,42,21,180
SM387,17.0,8.9,26.1,38,Sandy,Orchard,Summer,1.8,15,10,10,92
SM388,32.8,6.3,17.4,10,Loamy,Grassland,Fall,4.5,63,19,13,143
SM389,21.3,6.1,8.5,43,Silty,Agricultural,Winter,2.6,70,10,10,108
SM390,43.8,5.1,15.5,39,Peaty,Forest,Spring,11.9,69,57,20,231
SM391,38.7,7.0,23.4,19,Clay,Urban,Fall,4.1,47,18,13,133
SM392,9.0,6.8,26.5,45,Sandy,Wetland,Summer,2.8,38,18,13,122
SM393,26.5,6.6,6.2,15,Loamy,Orchard,Winter,3.4,91,14,12,125
SM394,23.5,6.2,17.3,37,Silty,Grassland,Spring,4.9,61,25,16,146
SM395,39.6,3.7,11.2,39,Peaty,Agricultural,Winter,10.9,91,52,18,220
SM396,34.2,7.0,16.1,22,Clay,Forest,Spring,5.9,66,33,18,159
SM397,15.5,8.9,28.3,37,Sandy,Urban,Summer,2.3,18,13,12,101
SM398,29.7,5.9,15.0,9,Loamy,Wetland,Fall,7.0,74,40,20,182
SM399,24.7,5.5,2.9,42,Silty,Orchard,Winter,2.8,92,11,10,111
SM400,44.6,5.5,9.1,38,Peaty,Grassland,Spring,10.5,51,52,17,202
SM401,38.6,7.2,19.0,18,Clay,Agricultural,Fall,3.8,43,16,12,129
SM402,14.9,8.6,23.4,44,Sandy,Forest,Summer,0.6,19,3,5,70
SM403,28.9,8.1,0.5,14,Loamy,Urban,Winter,4.5,72,25,16,141
SM404,19.2,6.0,17.8,36,Silty,Wetland,Spring,5.8,65,32,17,162
SM405,42.3,4.9,6.2,38,Peaty,Orchard,Winter,12.2,102,62,21,246
SM406,36.7,6.8,16.0,21,Clay,Grassland,Spring,6.3,62,36,19,165
SM407,17.3,9.2,30.4,36,Sandy,Agricultural,Summer,0.3,12,1,4,55
SM408,30.8,6.0,20.4,8,Loamy,Forest,Fall,6.1,49,34,18,165
SM409,25.8,5.8,4.6,41,Silty,Urban,Winter,2.1,91,8,8,101
SM410,48.5,5.0,15.7,37,Peaty,Wetland,Spring,18.2,54,97,33,332
SM411,37.3,6.9,18.4,17,Clay,Orchard,Fall,5.0,44,22,15,146
SM412,7.9,7.3,27.7,43,Sandy,Grassland,Summer,2.2,15,13,12,99
SM413,28.4,6.4,0.1,13,Loamy,Agricultural,Winter,4.1,94,18,14,139
SM414,20.7,5.9,13.2,35,Silty,Forest,Spring,4.6,57,24,15,128
SM415,40.5,4.7,6.5,37,Peaty,Urban,Winter,9.8,79,49,16,207
SM416,33.9,5.5,19.7,20,Clay,Wetland,Spring,8.2,83,43,21,183
SM417,17.8,9.0,25.9,35,Sandy,Orchard,Summer,1.9,14,11,11,94
SM418,33.2,6.2,17.2,7,Loamy,Grassland,Fall,4.4,64,18,13,142
SM419,22.5,6.2,8.7,40,Silty,Agricultural,Winter,2.5,69,9,9,107
SM420,45.6,5.2,15.9,36,Peaty,Forest,Spring,11.7,70,55,19,228
SM421,40.0,7.1,23.6,16,Clay,Urban,Fall,4.0,46,17,13,132
SM422,8.8,6.7,26.7,42,Sandy,Wetland,Summer,2.9,39,19,14,124
SM423,29.2,6.5,6.4,12,Loamy,Orchard,Winter,3.3,92,13,11,124
SM424,22.4,6.3,17.5,34,Silty,Grassland,Spring,5.0,60,26,16,147
SM425,38.9,3.6,11.5,36,Peaty,Agricultural,Winter,10.6,90,50,17,217
SM426,35.5,7.1,15.7,19,Clay,Forest,Spring,6.0,65,34,18,161
SM427,14.6,9.0,28.6,34,Sandy,Urban,Summer,2.4,17,14,12,103
SM428,31.3,5.8,14.6,6,Loamy,Wetland,Fall,7.1,75,41,20,184
SM429,26.1,5.6,2.6,39,Silty,Orchard,Winter,2.7,93,10,9,110
SM430,43.3,5.6,8.8,35,Peaty,Grassland,Spring,10.2,50,51,16,200
SM431,39.0,7.3,18.6,15,Clay,Agricultural,Fall,3.7,42,15,12,128
SM432,15.3,8.7,23.2,41,Sandy,Forest,Summer,0.5,18,2,5,68
SM433,27.1,8.2,0.2,11,Loamy,Urban,Winter,4.6,71,26,17,142
SM434,21.1,6.1,18.0,33,Silty,Wetland,Spring,5.9,64,33,18,163
SM435,41.9,5.0,6.0,35,Peaty,Orchard,Winter,11.9,103,60,20,243
SM436,35.1,6.9,15.6,18,Clay,Grassland,Spring,6.4,61,37,19,167
SM437,18.2,9.3,30.6,33,Sandy,Agricultural,Summer,0.2,11,1,4,54
SM438,32.1,5.9,20.6,5,Loamy,Forest,Fall,6.2,48,35,19,167
SM439,24.3,5.9,4.3,38,Silty,Urban,Winter,2.0,92,7,8,100
SM440,49.0,5.1,16.1,34,Peaty,Wetland,Spring,18.6,53,99,34,335
SM441,39.6,7.0,18.0,14,Clay,Orchard,Fall,4.9,43,21,14,145
SM442,7.5,7.2,27.9,40,Sandy,Grassland,Summer,2.3,14,14,12,100
SM443,31.9,6.3,0.0,10,Loamy,Agricultural,Winter,4.0,95,17,13,138
SM444,18.5,6.0,12.9,32,Silty,Forest,Spring,4.7,56,25,15,127
SM445,38.7,4.8,6.3,34,Peaty,Urban,Winter,9.5,78,47,16,204
SM446,36.3,5.4,19.9,17,Clay,Wetland,Spring,8.4,84,44,22,185
SM447,18.6,9.1,25.7,32,Sandy,Orchard,Summer,2.0,13,12,11,95
SM448,30.6,6.1,17.0,4,Loamy,Grassland,Fall,4.3,65,17,12,141
SM449,20.3,6.3,8.9,37,Silty,Agricultural,Winter,2.4,68,8,9,106
SM450,46.1,5.3,16.3,33,Peaty,Forest,Spring,11.5,71,53,18,225
SM451,37.8,7.2,23.8,13,Clay,Urban,Fall,3.9,45,16,12,131
SM452,8.6,6.6,26.9,39,Sandy,Wetland,Summer,3.0,40,20,14,126
SM453,26.7,6.4,6.6,9,Loamy,Orchard,Winter,3.2,93,12,11,123
SM454,23.8,6.4,17.7,31,Silty,Grassland,Spring,5.1,59,27,16,149
SM455,40.8,3.5,11.8,33,Peaty,Agricultural,Winter,10.3,89,48,17,213
SM456,34.3,7.2,15.3,16,Clay,Forest,Spring,6.1,64,35,18,162
SM457,16.9,9.1,28.9,31,Sandy,Urban,Summer,2.5,16,15,13,105
SM458,29.4,5.7,14.2,3,Loamy,Wetland,Fall,7.2,76,42,21,185
SM459,25.5,5.7,2.3,36,Silty,Orchard,Winter,2.6,94,9,9,109
SM460,47.2,5.7,8.5,32,Peaty,Grassland,Spring,9.9,49,50,16,198
SM461,37.1,7.4,18.2,12,Clay,Agricultural,Fall,3.6,41,14,11,127
SM462,15.8,8.8,23.0,38,Sandy,Forest,Summer,0.4,17,2,4,66
SM463,28.1,8.3,0.4,8,Loamy,Urban,Winter,4.7,70,27,17,144
SM464,19.4,6.2,18.2,30,Silty,Wetland,Spring,6.0,63,34,18,165